algorithm,rmse,r2
lstm,944.429497630362,0.9813256910306444
gru,968.6335479834551,0.9803562469031368
lstmgru,992.7927836469764,0.9793641350339479
