algorithm,rmse,r2
lstm,1223.3186141030048,0.968668252209927
gru,946.2828945371659,0.981252324267584
lstmgru,1100.3511423175923,0.9746505785911546
