algorithm,rmse,r2
lstm,1280.5116337434993,0.9656701021744782
gru,983.0789568751113,0.979765976322823
lstmgru,1265.0591865616605,0.9664936482571236
